text,label,notes,url
"Ding Liren after becoming double World Champion with Dragon Chilling in his return to competitive chess: ""It takes long to wait, but it's worth it!""

Wei Yi saying they will party for 3 whole days with a completely straight face is killing me.

when Brother Ren speaks, the world listens

Wei just stone faced talking about partying for days is the best",sports-news,,https://www.reddit.com/r/chess/comments/1ubopx8/ding_liren_after_becoming_double_world_champion/
"Ding Liren takes down Hans Moke Niemann with the Black Pieces!

Game Link: [https://www.chess.com/events/2026-fide-world-blitz-team-chess-championship-knockout/04-01/Niemann\_Hans\_Moke-Ding\_Liren](https://www.chess.com/events/2026-fide-world-blitz-team-chess-championship-knockout/04-01/Niemann_Hans_Moke-Ding_Liren)

Dragon chilling won 5-1 in the finals, that's crazy domination

""Everyone is Ding Liren fan. Even if they say they're not, they are Ding fans.""

I’m honestly so happy to see Ding play like this after all that’s been said about him the last couple of years",sports-news,,https://www.reddit.com/r/chess/comments/1ubnxgj/ding_liren_takes_down_hans_moke_niemann_with_the/
"Double Gold for Dragon Chilling as they win the World Team Blitz just 2 days after winning World Team Rapid

Chilling is the key to success.

Defeating their opponents 5-1 5-1 in the finals is insane! They really saved their best for the last

Bro ding is so good at handling pressure, he held gukesh to last match even after not being in good form",sports-news,,https://www.reddit.com/r/chess/comments/1ubohux/double_gold_for_dragon_chilling_as_they_win_the/
"Praggnanandhaa beats Vincent Keymer in the final round to win Norway Chess 2026 title

That's his 4th win in a row.

Game- https://lichess.org/broadcast/norway-chess-2026--open/round-10/RC8befOC/Y4hu7xQb

Did it after farming Magnus...great to see him regain his form. 4 classical wins in a row is crazy.

Winning the tournament despite 3 classical loses is crazy

Somebody find me that clown that said Prag needed to take a break from chess because he started the tournament poorly",sports-news,,https://www.reddit.com/r/chess/comments/1txu4j7/praggnanandhaa_beats_vincent_keymer_in_the_final/
"Individual Medalists for the FIDE World Team Blitz Championship 2026 |

fabi getting individual silver in both rapid and blitz dont laugh don't laugh

42 year old unc Grischuk still showing zoomers who's boss around here.

Is it by performance rating? How is Magnus higher than Arjun? Arjun had a higher rating?


… and someone just commented that Alireza had a higher performance rating than Magnus

I doubt any of them cares though",sports-news,,https://www.reddit.com/r/chess/comments/1ubpdwf/individual_medalists_for_the_fide_world_team/
"Hans Niemann congratulates Aydin Suleymanli for giving Magnus Carlsen his 4th loss in a row.

Competitive hater

The congratulations speaks for itself.

Game's back",sports-news,,https://www.reddit.com/r/chess/comments/1u9ywtm/hans_niemann_congratulates_aydin_suleymanli_for/
"World Team Rapid and Blitz appreciation post from a Hong Kong chess fan

Hi all just wanted to share my thoughts on the event as a local. I'm pretty sure this is the first time Hong Kong has hosted a major chess event and this team speed chess format in particular really shines.

&#x200B;

From a fan's perspective this was an awesome opportunity to see many big names, including 3 former world champions as well as so many of this year's womens' candidates in action. I can't imagine many other chess events besides the Olympiad that would get so many players of such a high calibre together, I don't think there are even that many sports events in general that can get this many top players in one place. You might be able to recognize some familiar signatures on my board including Magnus, Levon, MVL, and Ivanchuk. I had a few nice interactions with the players despite not having bought a premium ticket which is supposed to allow you to get up close and personal.

&#x200B;

I was only able to be there on day 1 of the rapid and day 1 of the blitz since I don't work a regular 9 to 5 job, but every day the atmosphere at the entrance was electric with many fans waiting for autographs. I also appreciate that you could meet the players between rounds in their waiting area albeit with a barrier. The only major complaint I have is the DGT boards which were finicky as always and made it very difficult to follow any of the games from the spectators' stand besides the head to head blitz finals.

&#x200B;

Besides the players themselves it also felt nice to see familiar faces in the chess community such as David Howell, Sagar Shah, and Keti Tsatsalashvili.

&#x200B;

Hopefully the players also enjoyed the tournament and agreed that the organization was satisfactory. My only previous experience with the HK Chess Federation was playing in the national championships a couple of years back which really were ""Mickey Mouse tournaments"" and I have no idea how they managed to win the bid for this event but props to them for putting up a good show for the first and hopefully not the last time.

The board is super cool, I wish I could recognize more of the signatures but apparently Howell and Bortnyk are the only 2 people that ever learned how to write one lol

I was in attendance for both Blitz days.

I agree that the premium Tix were unnecessary, I had selfies with most of the top and my fav players just waiting before or at the end of the day near the entrance. The staff tried their hardest to manage the crowds.

My main complaints are to the organizers for the event feeling disorganized, late, not punctual. And the various technical issues with cameras, displays, the DBT boards were laggy and for some matches didn't update. The only way to track what's happening is via Lichess but the organizers didn't want us to use our phones.

Really hope they can work on setting up more displays just for the audience to show the boards in near real time.

Hope we host one again, we can do a better job.

Thanks for sharing your experience & congrats on the signatures. Kudos to Hong Kong for organizing this amazing event. It’s like the World Cup, only all under one roof. Of course, there is always room for improvement. For example, instead of small, glitchy DGT boards, they can have earphones that can access channels covering different matches.",sports-news,,https://www.reddit.com/r/chess/comments/1ubqh6h/world_team_rapid_and_blitz_appreciation_post_from/
"Magnus Carlsen loses to Wesley So! His 3rd Classical loss!

Game Link: [https://www.chess.com/events/2026-norway-chess-open/09/Carlsen\_Magnus-So\_Wesley](https://www.chess.com/events/2026-norway-chess-open/09/Carlsen_Magnus-So_Wesley)

I analyzed the image and this is what I see. Open an appropriate link below and explore the position yourself or with the engine:

> **Black to play**: [chess.com](https://chess.com/analysis?fen=8/1ppn3k/3p4/p2P3p/P1Pp4/6P1/3N2KP/8+b+-+-+0+1&flip=false&ref_id=23962172) | [lichess.org](https://lichess.org/analysis/8/1ppn3k/3p4/p2P3p/P1Pp4/6P1/3N2KP/8_b_-_-_0_1?color=white)

**My solution:**

> Hints: piece: >!Knight!<, move: >!Nc5!<

> Evaluation: >!Black is winning -3.76!<

> Best continuation: >!1... Nc5 2. Kf3 Kg6 3. Kf4 b6 4. Nf3 Nxa4 5. Nxd4 Nb2 6. g4!<

**Save the position:**
> Reply `save` to save this position to your [Chessvision.ai Library](https://my.chessvision.ai/library/inbox) (new users: send me `/connect` in [DM chat](https://chat.reddit.com/user/t2_3j7cgeso) first)

---

^(I'm a bot written by) [^(u/pkacprzak)](https://www.reddit.com/u/pkacprzak) ^(| get me as) [^(iOS App)](https://apps.apple.com/us/app/id1574933453) ^| [^(Android App)](https://play.google.com/store/apps/details?id=ai.chessvision.scanner) ^| [^(Chrome Extension)](https://chrome.google.com/webstore/detail/chessvisionai-for-chrome/johejpedmdkeiffkdaodgoipdjodhlld) ^| [^(Chess eBook Reader)](https://ebook.chessvision.ai?utm_source=reddit&utm_medium=bot) ^(to scan and analyze positions | Website:) [^(Chessvision.ai)](https://chessvision.ai)

Bro just wanted to see PSG-Arsenal and couldnt focus 🥀🥀🥀

Wesley just won himself more non-invitations to Magnus tournaments.",sports-news,,https://www.reddit.com/r/chess/comments/1ts8eu4/magnus_carlsen_loses_to_wesley_so_his_3rd/
"""We fight like Family"" - team captain Ni Hua gets emotional

Ding saying I am back made my day

Ni Hua is coming to Samarkand again as a captain right? Dude is a mentor figure in Chinese chess.

they all are so wholesome!",sports-news,,https://www.reddit.com/r/chess/comments/1ubon1y/we_fight_like_family_team_captain_ni_hua_gets/
"The moment Pragg became the first player ever to beat Magnus Carlsen twice in the same classical tournament, ever since Magnus became World No. 1

He's completely tilted now

I just know, fabi must be so pissed at himself for not being part of this year's norway chess😭

[deleted]",sports-news,,https://www.reddit.com/r/chess/comments/1tv0yts/the_moment_pragg_became_the_first_player_ever_to/
"Pragg is honoured with a cash award of INR 50 lakhs (US $52,331) by Tamil Nadu Chief Minister Vijay (who also happens to be one of India's most popular superstars) for winning Norway Chess 2026.

1.h4 lol

The support that India gives to its players is admirable. In my country, they don't write a single line in the newspaper no matter what happens.

‪Pragg said this to the press after meeting him ""I was asked to bring a chessboard, and I played a game with the Chief Minister. I never expected that he would actually play chess with me. We played for about 15 minutes, and I won the game. He was very supportive and encouraging.""‬

[https://x.com/ani/status/2063881017463914616](https://x.com/ani/status/2063881017463914616)",sports-news,,https://www.reddit.com/r/chess/comments/1u01cs5/pragg_is_honoured_with_a_cash_award_of_inr_50/
"Endgame.AI to the finals!!!

After a comeback in game 2 of the semi finals with a 5-1 victory, Endgame AI wins the tiebreaks against Team Hexamind and saves a spot for the finals.  
Blitz Monsters 🔥

Giri just didn't perform at any point this tournament

Crazy decision not to put in Divya at all

Alireza and Levon hella mad",sports-news,,https://www.reddit.com/r/chess/comments/1ubma6j/endgameai_to_the_finals/
"Alice Lee becomes the first female chess player to opt into the open U.S. Junior Championship

-Winner gets to play for the U.S. Championship

-[Judit Polgar](https://www.youtube.com/watch?v=BDfeKuNPRmk&t=116) and [Vidit Gujrathi](https://www.youtube.com/watch?v=lUM6izFhNTU&t=1037) on the impact of competing in open tournaments from a young age

first female chess player to do it except for all the female chess players that did it before her

Didn’t Carissa Yip do this and finish near the bottom a few years ago? I’ll be rooting for Alice Lee- this is very brave of her!

Jennifer Yu played in the US Juniors in 2019, but good job Alice!",sports-news,,https://www.reddit.com/r/chess/comments/1ubg5xa/alice_lee_becomes_the_first_female_chess_player/
"Only winning move in my game and I found it 👊

I analyzed the image and this is what I see. Open an appropriate link below and explore the position yourself or with the engine:

> **White to play**: [chess.com](https://chess.com/analysis?fen=7k/2q3p1/p3p2p/1p1pPp1P/3P2Q1/1P4R1/r5PK/8+w+-+f6+0+1&flip=false&ref_id=23962172) | [lichess.org](https://lichess.org/analysis/7k/2q3p1/p3p2p/1p1pPp1P/3P2Q1/1P4R1/r5PK/8_w_-_f6_0_1?color=white)

**My solution:**

> Hints: piece: >!Pawn!<, move: >!exf6!<

> Evaluation: >!White is winning +7.86!<

> Best continuation: >!1. exf6 Qf7 2. fxg7+ Kg8 3. Rf3 Qc7+ 4. Kh3 Qe7 5. Rf8+ Qxf8 6. gxf8=Q+ Kxf8 7. Qg6 Ra1 8. Qxh6+ Ke7!<

**Save the position:**
> Reply `save` to save this position to your [Chessvision.ai Library](https://my.chessvision.ai/library/inbox) (new users: send me `/connect` in [DM chat](https://chat.reddit.com/user/t2_3j7cgeso) first)

---

^(I'm a bot written by) [^(u/pkacprzak)](https://www.reddit.com/u/pkacprzak) ^(| get me as) [^(iOS App)](https://apps.apple.com/us/app/id1574933453) ^| [^(Android App)](https://play.google.com/store/apps/details?id=ai.chessvision.scanner) ^| [^(Chrome Extension)](https://chrome.google.com/webstore/detail/chessvisionai-for-chrome/johejpedmdkeiffkdaodgoipdjodhlld) ^| [^(Chess eBook Reader)](https://ebook.chessvision.ai?utm_source=reddit&utm_medium=bot) ^(to scan and analyze positions | Website:) [^(Chessvision.ai)](https://chessvision.ai)

Black forgot about important chess rule

r/anarchyrice",educative,,https://www.reddit.com/r/chess/comments/1ubvw08/only_winning_move_in_my_game_and_i_found_it/
"My farewell letter to chess and some controversial tips on how to consistently gain rating

*(my main account is on Lichess hence the rating ""plateaus"" on the cc screenshot)*



Dear friends and like-minded nerds



At long last. I achieved the “ultimate goal” I set for myself when I learned to play chess four years ago. The goal was 2000 rating on cc. My secret tips of achieving this goal is at the end of the post (you might find it somewhat surprising).



Truthfully I didn’t even think I’d be able to achieve something like this, seeing as chess is brutally difficult, but I did it anyways although the sacrifice was great.



This is why it’s a “farewell” letter to chess. Chess gave me a ton of self-confidence as well as it having taken a ton of my life these past four years.



I’ve been more addicted to chess than anything I’ve ever played or ingested. At times all I would do was play and analyze on my phone.



My partner, family, friends was never able to get through to me in these manic times. My mood would heavily depend on my results.



Having a tough corporate job proved the balancing act of achieving my chess goal and taking care of my job even more difficult. When things got tough or I got bored I’d consistently clear my head with chess. But the amount of hours spent on it instead of work got bad.



I am incapable of self-regulating my time with chess. This has been proven time and time again ever since I started playing. There’s no need to beat around the bush. I am severely helpless once the grips of addiction take a hold of me. And that’s okay, it’s just who I am. Which makes it all the sweeter that I could quit at what I consider “a high”.



The next few weeks maybe months will probably be brutal. I’m prepared to get in the mood to play chess, but I’m not gonna give in, as it will break the habit of quitting chess I’m striving towards.



Thank you all for being a part of this community. However gatekeep-y and obscure some of you may be (including myself lol) having felt a sense of community meant everything to me.



**Anyways, here are my tips for actually winning:**



# You must master yourself before you can master chess

This is something I’ve just added before submitting my long ass post. I realized that perhaps my greatest tip, next to the tips that will follow shortly, is that I’ve learned a lot about myself these past years. Which in short has resulted in the following three principles I’ve set out for myself: 



* (i) I stop playing when I’m too heavily influenced by emotion (I am very passionate), so by the time I start to hurt my desk (and my hand) I’ve already accepted that I have to stop playing more games (granted, sometimes this is very difficult). 
* (ii) I don’t even consider playing when influenced, inebriated or sleep deprived. Like at all. This is the easiest way to lose. I go into all my games giving 100%. 
* (iii) If I start to feel overwhelmed about whatever (be it possible counters to my repertoire, flaws in my openings, anxiety about missing tactics etc. etc.) I stop right then and there. I’ve learned that feeling overwhelmed makes me go into games where I mix up theory, lines, ideas plans, simply because I don’t treat those games as independent “fresh” experiences. This has perhaps been the most destructive element of my chess career so far. So please, if you’re overwhelmed, be it about chess or even your life (chores that needs to be done etc.), then stop playing and start anew the next day or do your damn chores before even considering sinking the whole day into chess (this is me talking to me…).



# Openings are the most important

Despite what plenty of people here and YouTubers claim, the opening is the most important part of chess. Atleast in my experience and even at 2k elo. It baffled me just how clueless 2k elo players were in the opening. I would be armed to the teeth with openings I would have a great understanding of (middlegame plans and tactical motifs) and my opponents would hang something sooner or later because I didn’t give them any tactical shots (how could I, knowing my plans in and out?). This applies specifically for 1400-2000 elo players, that have understood the core principles. If you’re below this, then play and analyze your games before diving deeper into openings.



Also, do NOT mistake this with memorizing concrete lines. Play openings with very clear plans (e.g. Caro-Kann so that when you get the Exchange variation you know that your plan is the minority attack) and avoid engine-prone openings that require concrete memorization (worst chess experience I've ever had was trying to play the Grünfeld).



**Adapt or be left behind**

Focusing on openings doesn’t mean to play the same thing over and over. You MUST see the opening as a tool to get you closer to your goal and not the other way around (you are not in servitude of some opening). 



If you enjoy an opening so much that you’re not willing to give it up that’s fine, just don’t expect improvements. I see a bunch of YouTubers playing the same openings again and again as if they don’t trust themselves enough to switch to something else, despite getting consistently poor results (they don’t even seem to enjoy themselves, all in the veil of “day X until I achieve Y rating”). 



I played the Jobava London until 1800. I loved that opening and would feel incredibly comfortable. Right until my opponents kept equalizing leaving me with holed structures, no attack etc. That’s when I switched to a 1. Nf3 system I built for myself with my favorite lines. Every fifth white game ended up being an abort. That alone speaks volumes for making your opponent uncomfortable, see below.



**Psychology, psychology, psychology**

Making your opponent uncomfortable is a victory in and of itself. This ties in with the importance of the opening. The last 50 elo to 2k I actually ditched the Caro-Kann and employed the modern Scandinavian with a surprisingly better result. It was obvious that the classical made my opponents uncomfortable as I would castle queenside and launch a kingside attack (engine proven even). No one was able to prove their “0.5” engine advantage that I willingly gave away with the modern Scandi nor would they have time to, even if they knew the “refutation” (1. e4 d5 2. exd5 Nf6 3. Nf3).



**Play the statistics**

If you see something scoring well in the opening database for higher elo players then try to incorporate that line into your repertoire. This applies more so for black, because you can ignore the engine eval since it’s online games anyways so your opponents are not gonna have the time to refute whatever it is you throw at them. This is why I’ve built my d4 response around the Noteboom.



**Important tools to master the opening phase**

The tools I used to master the opening which was instrumental to my 2k grind is 1) Chessbook to build a repertoire and go over my opening mistakes, 2) Chesstempo to store my complete repertoire and review PGN files of opening courses I’d buy, 3) openingtree to analyze my games in bulk and see if there are specific moves/lines I keep losing to, and 4) Lichess for obvious reasons (opening database/analysis, puzzles and game reviews).



# What about tactics?

Surprisingly I am very good with tactics despite never having spent a lot of time practicing. I’ll attribute that succes to the lichess game review where I’ve just consistently reviewed my own mistakes and learned from them and extracted valuable tactical motifs.



# What about endgames?

Endgames have always been my weakness but I found that they are easier to win if my opponent’s pawns are mangled whereas mine are not. So in those situations I made a rule to trade down if I could. No further study went into them, as I would typically come out of the opening with a massive advantage. Why? Because every single game of chess goes into a specific direction which is what we call “openings”. Not every single game of chess ends in an endgame. This is the logic that’s stuck to me the most.



# Parting words

Chess has given me so much. Before chess I always second-guessed myself and gave up before I even started. After chess I’ve gotten into the habit of telling myself “I can do this” however difficult the task may have been at hand. What a difference that has made. I’ve built a studying plan that just kept working for me and gave me consist rating increases throughout 4 years with minor discrepancies and tilts and an opening repertoire that everyone absolutely loathed to play against (with the logic of: “If I’m white then we play my game and I’ll punish you if you rebel” and “If I’m black I’ll throw the most obscure but practically winning lines against you with the occasional dubious gambit now and then, because you won’t have time to prove your advantage”). I get kinda emotional having built this beautiful system with easy to understand studying loops and a logical but highly venomous opening repertoire, and having to part ways with it all (as I’m incapable of controlling my chess addiction…), but this is the part that hurts in any breakup I guess.



Thank you for having read this long ass post. Peace.

Cool for you for getting 2k however this chart doesn't seem like a lot of games were played.

Dear motherfucking diary...

lots of assholes here! thought the post was a fun read.",educative,,https://www.reddit.com/r/chess/comments/1u3uvb9/my_farewell_letter_to_chess_and_some/
"Why is this a great move?

Instead of this move, I castled queen-side which was counted as a mistake, this is the move that the engine suggests. Me and my opponent later drew by stalemate, just interested if anyone knows what’s so great about this move?

I analyzed the image and this is what I see. Open an appropriate link below and explore the position yourself or with the engine:

> **White to play**: [chess.com](https://chess.com/analysis?fen=r3kb1r/pp2pppp/2n5/3p4/3P4/4BN2/PPP2P1P/2KR3R+w+kq+-+0+1&flip=true&ref_id=23962172) | [lichess.org](https://lichess.org/analysis/r3kb1r/pp2pppp/2n5/3p4/3P4/4BN2/PPP2P1P/2KR3R_w_kq_-_0_1?color=black)

**My solution:**

> Hints: piece: >!Pawn!<, move: >!&nbsp;&nbsp;h4&nbsp;&nbsp;!<

> Evaluation: >!Black is better -2.94!<

> Best continuation: >!1. h4 h5 2. c4 f6 3. c5 Kf7 4. Rd3 b6 5. Kb1 bxc5 6. dxc5 e6 7. Rc1 Rc8 8. Bd2 a5!<

**Save the position:**
> Reply `save` to save this position to your [Chessvision.ai Library](https://my.chessvision.ai/library/inbox) (new users: send me `/connect` in [DM chat](https://chat.reddit.com/user/t2_3j7cgeso) first)

---

^(I'm a bot written by) [^(u/pkacprzak)](https://www.reddit.com/u/pkacprzak) ^(| get me as) [^(iOS App)](https://apps.apple.com/us/app/id1574933453) ^| [^(Android App)](https://play.google.com/store/apps/details?id=ai.chessvision.scanner) ^| [^(Chrome Extension)](https://chrome.google.com/webstore/detail/chessvisionai-for-chrome/johejpedmdkeiffkdaodgoipdjodhlld) ^| [^(Chess eBook Reader)](https://ebook.chessvision.ai?utm_source=reddit&utm_medium=bot) ^(to scan and analyze positions | Website:) [^(Chessvision.ai)](https://chessvision.ai)

0-0-0 specifically is a mistake because after Ng5 you have massive problems with f7 and then after white plays d5 later your pawn structure is ruined and you have a glaring weakness on e6. In general you shouldnt allow white to play d5 here as it gives whie a lot of space for knight and bishop and forces your knight on a suboptimal square

Go to your game analysis and look at your opponent's top moves after castling queenside.

I'm not a super strong player but white is able to play d5 if you don't play d5 yourself, and it looks like it wins a lot of tempo.",educative,,https://www.reddit.com/r/chess/comments/1ubvjlp/why_is_this_a_great_move/
"A very beautiful one.White to play and win (By Petrov)

I analyzed the image and this is what I see. Open an appropriate link below and explore the position yourself or with the engine:

> **White to play**: [chess.com](https://chess.com/analysis?fen=3n4/2pk4/1PN1Rp2/2r2P2/3pp1K1/8/8/8+w+-+-+0+1&flip=false&ref_id=23962172) | [lichess.org](https://lichess.org/analysis/3n4/2pk4/1PN1Rp2/2r2P2/3pp1K1/8/8/8_w_-_-_0_1?color=white)

**Composition:**

> It's a composition by Дмитрий Фёдорович Петров from 3-й международный турнир Москва, 1936 [Link to the composition](https://yacpdb.org/#285472)

**My solution:**

> Hints: piece: >!Rook!<, move: >!Re7+!<

> Evaluation: >!White has mate in 19!<

> Best continuation: >!1. Re7+ Kd6 2. bxc7 Nf7 3. c8=Q Ne5+ 4. Kf4 Rxc6 5. Qd8+ Kc5!<

**Save the position:**
> Reply `save` to save this position to your [Chessvision.ai Library](https://my.chessvision.ai/library/inbox) (new users: send me `/connect` in [DM chat](https://chat.reddit.com/user/t2_3j7cgeso) first)

---

^(I'm a bot written by) [^(u/pkacprzak)](https://www.reddit.com/u/pkacprzak) ^(| get me as) [^(iOS App)](https://apps.apple.com/us/app/id1574933453) ^| [^(Android App)](https://play.google.com/store/apps/details?id=ai.chessvision.scanner) ^| [^(Chrome Extension)](https://chrome.google.com/webstore/detail/chessvisionai-for-chrome/johejpedmdkeiffkdaodgoipdjodhlld) ^| [^(Chess eBook Reader)](https://ebook.chessvision.ai?utm_source=reddit&utm_medium=bot) ^(to scan and analyze positions | Website:) [^(Chessvision.ai)](https://chessvision.ai)

Solution: >!1. Re7+ Kd6 2. bxc7 Nxc6 3. c8=N+ Kd5 4. Nb6+ Kd6 5. Rd7+ Ke5 6. Rd5+ Rxd5 7. Nc4#!<

Re7+ seems to be the solution. with the idea being bxc7 and having 2 ways to promote the pawn that cant be avoided.

EDIT: just saw the solution and black has a resource that i didn't see while calculating so you cant just blindly promote to a queen after Kd6 and Nxc6.",educative,,https://www.reddit.com/r/chess/comments/1ubv9jn/a_very_beautiful_onewhite_to_play_and_win_by/
"Venting about the Catalan

Chess is such a beautiful game, with countless possibilities, beautiful tactics, fascinating endgames and just so much fun. If not for one thing. It is difficult to pronounce the name without smashing my keyboard, but it is called the catalan opening. If you ever want an opening weapon for white, that immediately sucks all the fun out of the game and makes black suffer for hours, wishing they had never even started playing chess - then the catalan is yours. Signal to your opponent after the third/fourth move that you dont intend to play an interesting, fun, game of chess, but rather just torture them for 4 hours until you make one slight inaccuracy that loses a pawn, but against catalan players that somehow always loses the entire game as well. I cannot count the amount of times that i faced d4, c4, and g3, and was already tempted to just resign the game. I am not saying it is a bad opening - if anything, it is stupidly overpowered and extremely easy to play for white -, it just deserves to be hated just like the london or similar openings, cause it is just basically torture for your opponent. sorry i had to vent about this after losing my game for 2400 rapid against it

Well you’ve convinced me to learn the Catalan now.

As a Catalan player myself, this post gives me joy. You see, Catalan players long lost the fire for chess, or life itself. The Catalan consumed it. We need to feed from your tears.

There was an English master called ""Blackburn"" who resigned when his opponent played the French.",educative,,https://www.reddit.com/r/chess/comments/1u87vy7/venting_about_the_catalan/
"If you want to get better, play against people who are better than you

I'm a brain rotted bullet player, pretty much exclusively. I know it's bad, I know it's not the best way to learn. I only have so many hours in the day, I've got other hobbies, and I just don't want to study and work on my chess, but I enjoy the occasional endorphin rush. So I play bullet, and accepted that I won't improve much.

  
I was hovering around 1500 for the longest time. Years. Sometimes higher when I was really focused, sometimes lower when I was stressed, but always sticking around 1500.

Some months ago for whatever reason I started playing in the anonymous pool. It was easier to stay un-tilted. Or I was too lazy to sign in. Doesn't matter. The occasional game was against somebody who didn't know what they were doing, but by and large the competition was actually pretty stiff for me, and I was getting rocked pretty often. 

  
A few weeks ago I signed back in to the rating pool... and immediately jumped to \~1750. Been there now for weeks. No study, no thinking, no dedicated practice, just doing my dumb little brain rot bullet games.

So get yourself in front of the stiffest competition you can, treasure your losses, get better. (If you want)

Good advice. I could relate to a lot of this. I'm also a brainrotted bullet player who's been hovering at 1500 for years and made my peace with not improving much. Then a few months ago I deleted my accounts and made new ones, and I was awarded an initial rating of 1700ish. To my surprise I've been able to maintain it, possibly because I've been playing more seriously. It's nice.

I think I played unrated for about a year so I’d have matched up with anyone from 100-2300 rapid/blitz when my own elo was 500, the moment I jumped back on rated I soared to 1300!

this is actually wild, passive improvement is so underrated 😂 your brain is just absorbing patterns without you even realizing, like subconscious chess training. the rating jump of 250 points from just playing harder opponents is kind of insane ngl",educative,,https://www.reddit.com/r/chess/comments/1u83xr8/if_you_want_to_get_better_play_against_people_who/
"My opponent (2300) as white resugned with 5 seconds on the clock after i blunderd mate in 1

Sometimes you gotta get lucky

I analyzed the image and this is what I see. Open an appropriate link below and explore the position yourself or with the engine:

> **White to play**: [chess.com](https://chess.com/analysis?fen=4r1k1/2R3pp/2p3rq/p1Bb4/3p2P1/2P4P/P3QP1K/6N1+w+-+-+0+1&flip=true&ref_id=23962172) | [lichess.org](https://lichess.org/analysis/4r1k1/2R3pp/2p3rq/p1Bb4/3p2P1/2P4P/P3QP1K/6N1_w_-_-_0_1?color=black)

**My solution:**

> Hints: piece: >!Queen!<, move: >!Qxe8#!<

> Evaluation: >!White has mate in 1!<

> Best continuation: >!1. Qxe8#!<

**Save the position:**
> Reply `save` to save this position to your [Chessvision.ai Library](https://my.chessvision.ai/library/inbox) (new users: send me `/connect` in [DM chat](https://chat.reddit.com/user/t2_3j7cgeso) first)

---

^(I'm a bot written by) [^(u/pkacprzak)](https://www.reddit.com/u/pkacprzak) ^(| get me as) [^(iOS App)](https://apps.apple.com/us/app/id1574933453) ^| [^(Android App)](https://play.google.com/store/apps/details?id=ai.chessvision.scanner) ^| [^(Chrome Extension)](https://chrome.google.com/webstore/detail/chessvisionai-for-chrome/johejpedmdkeiffkdaodgoipdjodhlld) ^| [^(Chess eBook Reader)](https://ebook.chessvision.ai?utm_source=reddit&utm_medium=bot) ^(to scan and analyze positions | Website:) [^(Chessvision.ai)](https://chessvision.ai)

You missed mate in 1 and you enabled your opponent to mate you in 1, but instead of doing that your opponent just resigned. 

Peak cinema

Lol @ people who resign in online speed chess",educative,,https://www.reddit.com/r/chess/comments/1u6n8ob/my_opponent_2300_as_white_resugned_with_5_seconds/
"trying to get from 100 elo to 1200

Guys I've been 100 - 150 elo in chess dot com and I want to get to 1200 in 50 - 75 days can anyone give me tips to get there? I have another post but I can't understand it.

“A pupil in such a hurry always learns slowly.” - zen proverb

Doesn't seem likely. Anyway, why?

In your case I'd recommend Chessbrah''s building habits series, starting from the very beginning. And it's perfect for you being 100 elo, you will build good habits before you create any bad ones. And it teaches you the fundamentals which is what you really need at first and not some fancy tricks or tactics. Here's the [link.](https://youtube.com/playlist?list=PL8N8j2e7RpPnpqbISqi1SJ9_wrnNU3rEm&si=tjRzoMjkS8_Cup4W)",educative,,https://www.reddit.com/r/chess/comments/1u4lvkp/trying_to_get_from_100_elo_to_1200/
"teaching my friend chess lol

this is how long it took her to check me (I'm black) she refused help 😭

[removed]",educative,,https://www.reddit.com/r/chess/comments/1u3zsc0/teaching_my_friend_chess_lol/
"Continuing to play a completely lost position

Hi, I'm fairly new to chess and just enjoy spamming some 3 minute games inbetween work or chores. 

  
One thing I just don't understand is why so many people keep playing on a completely hopeless position in hopes of a draw. (I'm talking situations where you're way behind on both material AND time). Yes, I understand that draws do happen (I'm around 1k elo so I've done it plenty of times myself) but not to the frequency where the time wasted weighs against the 10 elo difference. Even if it happens 5-10% of the time, aren't you just better off starting a new game, assuming you're trying to improve? 

  
The main reason I'm asking is because I see a lot of streamers do this as well as high as 2k elo. At that level I rarely see draws happen. Sure it's ""hilarious"" when it does but... ehh

Is there some sort of etiquette i'm not aware of? I'd imagine resigning is a bigger sign of respect than desperately premoving your king across the board when you're literally 40+ seconds behind?

I'm so tired of the etiquette and respect discussion. You play a game where the win condition is checkmate. As long as it's not checkmate, I'm going to try to get the most out of the game I can. A lot of people, like you, like to spam blitz. Why would you concern yourself with etiquette and some made up show of respect

It's not a lost position if you're under 1500 elo. A miss slip. A time control issue. Training pawn positioning and end game tactics. You learn even when losing. 

I come back more games than you would expect a pawn or two down through end game positions because my opponents are often used to other people resigning and hence may not be skilled at end game.

There's simply no better feeling than getting a stalemate. I'm around 2100 and it still happens more often than one would think.",educative,,https://www.reddit.com/r/chess/comments/1u3t0gw/continuing_to_play_a_completely_lost_position/
"Why is rapid so much easier

For context im around 1k on rapid and people still blunder one movers (including me) all the time even with a ton of time, but the second i go to bullet or blitz at like 500-700 it feels like the players are lightyears better even with way less time. Like i had someone hunt down a 3 move tactic into winning my queen with 20s left in a blitz game at 580 today. I couldnt even flag them they premoved mate in 5 right after that.

blitz especially has a much larger pool of players so its hard to climb rating. Rapid requires devoting close to twenty minutes, blitz/bullet doesnt

There are three main player types in bullet.

Over-rated: they have a worse rating at slower time controls. They specialize in premoves/flagging and time-tricks (ie hanging pieces strategically when they are sure you will premove). They will virtually never lose on time, preferring to be mated than to possibly be flagged.

Normal: rated similar to slower time controls. They are solid and will flag and get flagged… mate and get mated.

Under-rated: ie they are stronger than their bullet elo suggests and they are using bullet to practice time management. They are the most likely to work out multiple move sequences (on your time) and then execute them by virtually premoving.

You were likely facing under-rated opponents.

In my bracket I see 2200 rated bullet players with blitz elos as low as 1400 who are just premove beasts. And then I will see 2600 masters rated 2200 bullet who have poor time management, these players almost always get a strong to winning position against me, and if there is a forced win, they will be able to execute it in short order.

you're putting too much stock in low ratings as meaningful metric as far as difficulty goes",educative,,https://www.reddit.com/r/chess/comments/1u314kb/why_is_rapid_so_much_easier/
"Is there any good analysis of aging and chess performance decline?

I know at age 44 I am much weaker than I was when I was 18 (like decline from 1950 to 1700 roughly). And all the elite players are young. Carlsen and Nakamura are beginning to show their age. Seems like there is kind of cliff around age 35-40 that isn't too much different from many other sports. I was just curious if anyone has analyzed how aging impacts chess performance based on real data instead of anecdotes?

I'm 66-years old. I just started playing chess again. One of the reasons is I want to see how much I can develop at this age. I'm enjoying the journey. My ELO is around 1000 from 600.

I'm 41 and I plateaued around 2000 starting at the age of 30. When I started playing in the local scene I was initially around 1500 at the age of 20. I'm presently 1970.

So I'm basically still at my peak. I don't think the decline in your 30s is so much capacity as it is dedication unless you are playing at the GM level.

OP asked specifically for real data instead of anecdotes, and so far it’s been 100% anecdotes. Never change Reddit",educative,,https://www.reddit.com/r/chess/comments/1u2o99a/is_there_any_good_analysis_of_aging_and_chess/
"My wife thought I was having an affair

I like to play a lot of 3-2 but lose my train of thought easily so can only do it with zero distractions. It kept coming up where my wife would interrupt me while playing, and I would lose advantage or lose the game. So what I started doing is I would run some errands, then sit in the parking lot and play an hour of chess then come back.

She didn't seem to care for a while until last night when she approached me asking, ""who is she?"". I was confused at first until she started explaining my ""erratic"" behavior and concern that I was meeting with another woman.

The bottom line is it would be a hell of a lot easier to just have an affair instead of spending hours showing your wife your game history and explaining that you spend half a lifetime pushing a bunch of pawns around.

So now whenever I leave the house, I make sure to tell her, ""Don’t worry, honey. I’m just going out to see my queen.""

This is hilarious.

When I started playing online, it def got out of hand and my wife told me this was akin to addition, affecting my presence and mood.
I made a rule to control the amount of play and when (never around them). 
Edit: grammar

Just show her your ELO skyrocketting",entertaining,,https://www.reddit.com/r/chess/comments/1tt8tlj/my_wife_thought_i_was_having_an_affair/
"Magnus is finally sitting like a DAD.

Jarl Balgruuf

Bro is looking like a Skyrim Jarl

[removed]",entertaining,,https://www.reddit.com/r/chess/comments/1tq8gip/magnus_is_finally_sitting_like_a_dad/
"168 years ago today, Paul Morphy arrived in Europe hoping to play Howard Staunton. A match never materialized. Instead, Morphy spent the next year on what became his legendary European tour.

There’s differing sources on whether it was the 20th or 21st of June. Regardless, Morphy arrived in Europe 168 years ago today or yesterdays He also went for the Birmingham international tournament, but also went to challenge Staunton who already replied to Morphy 

The misunderstanding came from this wording: 

‘If Mr. Morphy—for whose skill we entertain the liveliest admiration—be desirous to win his spurs among the Chess chivalry of Europe, he must take advantage of his purposed visit, next year; he will then meet in this country, in France, and Germany, and in Russia, many champions whose names must be as household words to him, ready to test and do honour to his prowess.’

Staunton was trying to decline to play him and say he was too busy but wasn’t firm enough, and Morphy took this wording as acceptance or at the very least that he would be open to a match if Morphy came over

Staunton's wording was so vague that I probably would have read it same way as Morphy did. crossing an ocean based on that quote takes some confidence though, even if the misread was understandable.

Sources: Edward Winter, Wikipedia on Staunton /Morphy

As far as I can tell, this is the timeline:

Feb 1858 — New Orleans Chess Club sends Staunton a challenge for Morphy. This proposed a $5,000 stake, with $1,000 paid to Staunton for expenses if he lost.

April 4, 1858— Staunton replied that a long chess match would be too formidable to undertake without time to recover his old strength in play and arrangements to avoid sacrificing his professional engagements.  The same day, his ILN column called the New Orleans venue “utterly fatal to the match.”  There has been debate ever since about whether this should be read as a polite refusal or a conditional acceptance. The excerpt I put above is from this letter.

June 20–23, 1858— Morphy arrived in Liverpool and caught the train to Birmingham, finding the tournament postponed two months. He became sick in London and didn’t feel fit to visit clubs until June 23, when at the St. George’s Club he meets Staunton face to faceand re-issued the challenge, which Staunton accepted. He just asked for a month to prepare

Consultation games (Streatham)— Staunton declined casual individual games but invited Morphy to his home, where they played consultation games Staunton withJohn Owen, Morphy with Thomas Wilson Barnes. and the Morphy-Barnes won both games.

July 10, 1858— Staunton announced that Morphy had proposed a 21-game match for 500 pounds a side, accepted conditionally, with the match likely after the Birmingham meeting.

￼Aug 14, 1858— Morphy wrote Staunton asking him to settle preliminaries as the Birmingham meeting approached.

Aug 21, 1858— Morphy wrote again, noting he had already accepted a previously proposed timeframe and was leaving the exact terms to Staunton, pressing him to respond.

Aug 22, 1858— George Walker writes an article accusing Staunton of trying to postpone the match indefinitely.

Aug  26–27, 1858— Morphy arrived in Birmingham too late for the tournament but in time for a blindfold simul exhibition. Morphy meets Staunton face to face again, Morphy asks him publically to force a response to choose October, November, or December and make it final. Staunton agrees again with the beginning of November.

Aug 28, 1858— The “Anti-book” letter appears in chess columns, widely believed to be Staunton writing anonymously , accusing Morphy of arriving  without backers or seconds settled, despite the fact he had the match funds covered.

￼Oct 6, 1858— Morphy sent an open letter from Paris, circulated to several papers, recapping the delays and objecting to the funding allegation and asking Staunton to play.

Oct 7, 1858— Morphy writes to the St. George’s Chess Club confirming the £500 stake had been deposited and asking them to appoint his seconds.

Oct 9, 1858— Staunton replies with his same difficulties. However, he is now using them as reasons to cancel the match, saying the loss to publishers and risk of a breach-of-contract action for his Shakespeare work.

Oct 23, 1858— Staunton published his October 9 reply along with a copy of Morphy’s October 6 letter. Except he excludes the reference to the “Anti-book” letter about Morphy’s funds and seconds.

Oct 1858— Morphy wrote to Lord Lyttelton, BCA president, demanding “that you shall declare to the world it is through no fault of mine that this match has not taken place.”

Nov 3, 1858— Lyttelton replied, and although he was sympathetic to Stanton, he still said he could not see how the suppression of part of Morphy’s letter could be justified.

I had a side gig once selling old newspapers on eBay. Was neat to see several from the 1850s that mentioned Morphy and his exploits. The USA was proud to have produced someone who so excelled in an intellectual field against European masters. (One historian said Morphy was the first American to be foremost in an intellectual field since Benjamin Franklin.)",entertaining,,https://www.reddit.com/r/chess/comments/1ubw4to/168_years_ago_today_paul_morphy_arrived_in_europe/
"""unwinnable"" position for black from an anime

...but when the genius main character takes over for black, he somehow turns it around! Can you do the same? Hurry, you need to leave for class in 9 minutes!

I can easily lose this with either colors

Can't believe people still watch this peak in 2026.
Anime name - Code Geass: Lelouch of the Rebellion

i just love chess positions in anime. they're often so fucked up",entertaining,,https://www.reddit.com/r/chess/comments/1u79jwy/unwinnable_position_for_black_from_an_anime/
"Reaction in the playing hall as Faustino beats Duda

He was the only player on his team to win in that round while the other 5 boards all lost.

&#x200B;

Video source - https://x.com/i/status/2068249574616289435

&#x200B;

Game- https://lichess.org/broadcast/fide-world-team-rapid-blitz-chess-championships-2026-blitz-pool-a/round-3/tlxgUwmY/xA7nBz9W

Faustino tweaking hella bruh

Love to see the Super GMs happy for the young fella

Lionel Chessi",entertaining,,https://www.reddit.com/r/chess/comments/1uashyk/reaction_in_the_playing_hall_as_faustino_beats/
"Magnus Carlsen signs an autograph as Fabiano Caruana relaxes

Asean e-sports Cup 2026, the 1-day event is taking place in Bangkok, Thailand, which Magnus Carlsen won.

Photo Credits: [ChessBase India](https://www.facebook.com/photo/?fbid=1438345664995390&set=pcb.1438346948328595)

[removed]

Who is besides favbiano?

Fabi looking at Magnus' play and telling his girlfriend he doesn't want any kids right now.",entertaining,,https://www.reddit.com/r/chess/comments/1u9fq2h/magnus_carlsen_signs_an_autograph_as_fabiano/
"Magnus Carlsen laughs and sticks his tongue out as he loses to Arjun Erigaisi

Video Credits: [ChessBase India](https://www.youtube.com/shorts/0pompIgGKPE)

The most contrasting thing is I dont see an angry Magnus post his losses.

the community will miss angry magnus who was best player in the world but doesn't appear in tournaments nowadays

Lol. The GOAT is just chilling... he has achieved everything in the game. Might as well have some fun.",entertaining,,https://www.reddit.com/r/chess/comments/1ubnvrs/magnus_carlsen_laughs_and_sticks_his_tongue_out/
"I visited the grave of Bobby Fischer at Laugardælir Church, Iceland

I was driving through Selfoss in the evening and passed by the Bobby Fischer museum unexpectedly, but it was closed. When I checked their website I saw that his gravesite was nearby and decided to visit. Does anyone know if the position set up on this board is from one of his games?

Looks like it’s the final position from the 1972 WCC (Game 21, where Spassky resigned after adjournment, giving Fischer the title).

At the end of his life, he hated chess. I wonder if this is some form of karmic irony.

I was there last year! It really is just the most random spot for him to be buried. In most of these photos people take it isnt clear at all that this just some random ass church in the middle of nowhere literally next to a farm building etc.",entertaining,,https://www.reddit.com/r/chess/comments/1u9bn3v/i_visited_the_grave_of_bobby_fischer_at/
"Street chess games in New York City. (1986)

I love the culture of street chess

Life was more fun (and scary) when people hung out outside with no internet or phones deep into the night. Everyone's scrolling on their couches now.

theres something about street chess that online will never capture, the trash talk and the hustlers giving you knight odds and still crushing you. i learned on an app during lockdown so i kind of romanticise this era i never got to see. would love to just sit down at one of those tables tbh",entertaining,,https://www.reddit.com/r/chess/comments/1u5b4d7/street_chess_games_in_new_york_city_1986/
"My girlfriend doodled a logo for Dragon Chilling

She says, ""if anyone has a girlfriend who is better at drawing they are very welcome to improve on the concept""

That's actually amazing...this and dragon chilling on sleeves give me one rn

Bing chiling hell yeah

How is this related to chess?",entertaining,,https://www.reddit.com/r/chess/comments/1ubn2cl/my_girlfriend_doodled_a_logo_for_dragon_chilling/
"Sure you've been on tilt, but have you ever played SO badly that Lichess gave you a Fair Play violation warning

I played Atomic and Crazyhouse for the first time this week, and needless to say it uh.. hasn't gone great

this is cracking me up. talking about rubbing salt in the wound lol

No, but I have been warned multiple times about letting my time run out in a losing position, by letting my time run out in a winning position.

This is like the guy who got a letter from fidelity asking him to review whether his trades resulting in a 60K loss were ”consistant with his investment objectives”",entertaining,,https://www.reddit.com/r/chess/comments/1u3bfp0/sure_youve_been_on_tilt_but_have_you_ever_played/
"Moment where Nodirbek Abdusattorov lost an equal endgame to Nikolas Theodorou due to the touch-move rule in Round 8 of the UzChess Cup 2026

Nodirbek left his rook hanging on f2 after Theodorou played Kg3. Maybe Nodirbek expected the natural Rg6+.

Nodirbek glances over at Nikolas: ""Shit, did he notice?""

not those eye contacts oh hell no this was so funny literally watching him die inside

He thought he was still trolling like against nepo",entertaining,,https://www.reddit.com/r/chess/comments/1u5m3o5/moment_where_nodirbek_abdusattorov_lost_an_equal/
"Our club held the first ever US Chess and FIDE rated tournament on a moving Amtrak train

We did this back in August on the Mardi Gras Service out of New Orleans. If you're ever in the French Quarter and want some rated OTB, look us up.

We used magnetic boards because we were worried about bumps, but a weighted tournament set would've been fine.

If you lose the game you get kicked off next stop and have to hitchhike the rest of the way.

You should post to r/amtrak too, they would love this",entertaining,,https://www.reddit.com/r/chess/comments/1u6suld/our_club_held_the_first_ever_us_chess_and_fide/
"(2020) Dubov talks about World Champions, and how it’s harder to have chess heroes when you realize you’re stronger than them

What he says is pretty much the consensus view, no?  If you just took Morphy or Lasker or Botvinnik with what they knew and brought them to today they would be strong IMs to average GMs, and if Dubov was born in the 19th century and raised with only the resources available then, Morphy would have crushed him.

Stockfish is my hero

He can always pick up Magnus as a hero. There won’t be issue with this one",entertaining,,https://www.reddit.com/r/chess/comments/1u6r36m/2020_dubov_talks_about_world_champions_and_how/
"What are your most embarrassing in-person chess stories?

I once was tired of playing online and wanted to play real players, so I went to a Friday evening leisure chess tournament at a local club, for ""club members & friends"". Mind you, this was my very first experience playing in an in-person ""tournament-like"" setting.

The tournament was set to start at 8pm, and I was there at 7:30, thinking that coming with a lot of buffer would be the right idea. I actually was the first one in the room and I saw a lot of tables with chess boards already put in place. So I sat down, and a little bit later, the room started filling. A guy came up to me and asked me if I wanted to play a game. I said sure, thinking that this was just a warm-up session and that afterawards we would play the tournament.

While we were playing, I saw that another guy with long hair who was on a computer taking names from the people who registered for the tournament, so I quickly paused the game, went up to long hair guy, and had him put in my name. Then went back to playing the warmup game, lost it, and had a nice chat with my opponent about our ideas during the game.

At some point, Long Hair Guy comes to me looking slightly enraged, asking, ""Where are you? We already started playing."" And that's how I learned that the tournament took place one floor above, not in the room I was in...

So I quickly grabbed my stuff and sprinted upstairs, walking into a silent room with 8 tables, 7 of which with pairs that were already playing, and one seemingly waiting for me as the opponent, clock already ticking. I felt super embarrassed already because I interrupted the silence and the concentration of the players. But that's not where it stopped.

I sat down on the only empty chair, shaking my opponent's hand, trying to ignore his skeptical gaze. Once I had sorted my thoughts and looked down on the board to start playing, I noticed that all my pieces were weirdly positioned. The pawns looked all right, but the pieces behind them were just not in their expected squares.

After a moment of confusion, I looked at my opponent and said into the silence of the room: ""Excuse me, but I think my pieces aren't well positioned."" He looked straight at my face, saying ""Yes, they are. This is called chess 960. It's randomized chess."" In a dead silent room, I had just announced to everyone that I had no idea what i was doing.

Needless to say, I lost every game that night,... but I did dare to go back to the club on another night for a leisure chess tournament with normal starting positions.

\---

Do you have similar stories from in-person chess games/tournaments?

y'all ever be really tunnelled in on a section of the board with your opponent and realize one of your kings has been in check for god knows how long

Once I was part of a long line of people who got to play Hikaru. Everyone got a one minute clock. When it was my turn, I was so nervous I made approximately 3 legal moves and 3 illegal moves and resigned with a red face and ran away.

I once had an opponent who would not stop loudly farting. I guess it was more embarrassing for him than for me but it was still awkward af. He kept apologizing, I just pretended not to hear it, which was definitely not believable.",entertaining,,https://www.reddit.com/r/chess/comments/1u4m6j2/what_are_your_most_embarrassing_inperson_chess/
